name,id16,id10
MASSAYUKI YAMAMOTO,0058799157705629,K4388623A6
LYGIA CECÍLIA CUNHA,7291002474361723,K8270082P0
HENRIQUE CARLOS GONÇALVES,6656099262989722,K4260272H9
JOCELENE BATISTA PEREIRA,6549733025778581,K4773281P8
BRANISLAV KONTIC,0227299851344707,K4707345Z4
EDEVALDO FERNANDES DA SILVA,3139517272574044,K8564176J8
MARIA APARECIDA MIYAOKA,7107028047881667,K4335768Z2
STELA GOLDENSTEIN,4174780304572275,K4742031A9
AMAURY ZATORRE AMARAL,6352497857716123,K4400812P7
JOSÉ ROBERTO FERREIRA SAVOIA,7123885218031546,K4785976Y6
FELIPE DE PAULA,9544611595355998,K4481925A5
PRISCILA SPECIE,9135484263469343,K4138020J6
